"total_usage","spam_usage","word"
"2","1","direct"
"1","1","stumbling"
"1","1","blocks"
"1","0","est"
"13","0","de"
"0","0","proverbio"
"6","3","news"
"12","1","snow"
"0","0","lexemes"
"200","19","in"
"0","0","yup"
"0","0","ik"
"7","7","see"
"3","3","amazing"
"8","3","world"
"2","2","record"
"22","13","sex"
"1","1","ernie"
"18","13","email"
"8","8","million"
"5","4","people"
"233","31","for"
"3","3","find"
"10","8","out"
"1","1","anything"
"12","2","about"
"3","3","anyone"
"192","23","on"
"144","48","the"
"20","15","internet"
"4","2","complete"
"13","6","home"
"15","15","business"
"2","2","kit"
"0","0","dag"
"3","0","proceedings"
"232","10","of"
"107","0","workshop"
"0","0","definites"
"0","0","designing"
"7","0","dialects"
"59","0","english"
"0","0","plus"
"4","0","resolution"
"6","0","congress"
"47","47","free"
"7","7","bulk"
"9","6","mail"
"25","12","software"
"1","1","explodes"
"38","37","your"
"159","0","language"
"10","1","resources"
"8","0","european"
"5","0","minority"
"55","0","languages"
"5","5","life"
"2","1","without"
"5","5","debt"
"16","0","linguist"
"0","0","ician"
"73","29","a"
"122","26","new"
"0","0","slant"
"9","0","machine"
"11","0","learning"
"27","7","information"
"0","0","filtering"
"42","11","at"
"1","1","politically"
"0","0","correct"
"71","0","summary"
"2","0","rain"
"1","0","falling"
"1","0","water"
"228","28","re"
"10","6","have"
"1","0","signs"
"2","1","music"
"13","0","society"
"0","0","vienna"
"86","0","sum"
"0","0","hold"
"0","0","compulsion"
"0","0","existence"
"0","0","sycopahnt"
"251","20","and"
"4","0","sign"
"2","0","fig"
"1","0","sycophant"
"12","7","more"
"69","0","syntax"
"39","0","comparative"
"26","0","method"
"2","0","ellipsis"
"1","0","conjunction"
"1","1","yours"
"64","27","to"
"2","2","keep"
"18","11","no"
"2","2","hard"
"3","2","work"
"13","13","do"
"2","2","pass"
"9","9","it"
"9","3","by"
"27","24","this"
"10","6","time"
"9","9","money"
"1","1","maker"
"15","7","e"
"2","2","service"
"4","3","name"
"7","0","fwd"
"0","0","cantonese"
"1","0","bilingual"
"21","0","research"
"0","0","associate"
"11","1","correction"
"1","0","hellenistic"
"6","0","greek"
"51","0","announcement"
"0","0","both"
"1","0","diachronica"
"18","1","special"
"58","3","book"
"7","6","offer"
"26","8","from"
"1","1","americana"
"1","1","enterprizes"
"1","1","share"
"10","7","we"
"1","1","purchase"
"1","1","uncollected"
"2","1","judgments"
"6","6","go"
"2","2","speedracer"
"3","1","use"
"2","1","hypnosis"
"4","4","make"
"7","0","n"
"6","0","v"
"3","0","verbal"
"0","0","compounding"
"12","4","i"
"2","2","lost"
"1","1","pounds"
"1","1","weeks"
"4","4","so"
"3","1","could"
"48","46","you"
"1","0","rightward"
"1","0","movement"
"38","1","review"
"4","0","ii"
"12","8","how"
"3","1","through"
"5","1","body"
"4","1","mind"
"4","2","f"
"7","3","r"
"1","1","b"
"11","3","s"
"7","3","t"
"2","2","teen"
"3","3","hardcore"
"1","0","ot"
"7","0","programme"
"1","0","tilburg"
"102","0","conference"
"10","4","one"
"4","3","very"
"3","3","affordable"
"4","4","dental"
"10","2","computer"
"1","1","workers"
"9","2","needed"
"9","9","now"
"2","2","holiday"
"1","1","florida"
"2","1","low"
"4","2","rate"
"4","4","phone"
"1","1","card"
"1","1","giveaway"
"1","1","week"
"1","1","access"
"0","0","icehl"
"11","0","annual"
"1","0","cuny"
"11","0","human"
"1","0","sentence"
"9","0","processing"
"0","0","ichl"
"1","0","manchester"
"1","0","august"
"0","0","paclic"
"2","0","scandinavian"
"13","1","linguists"
"11","0","germanic"
"7","1","m"
"1","1","clean"
"5","3","addresses"
"26","1","international"
"2","2","futuresignals"
"10","10","get"
"2","2","rocks"
"4","3","off"
"3","3","tonight"
"0","0","nic"
"20","0","symposium"
"12","7","who"
"26","23","is"
"2","0","tls"
"0","0","exploring"
"1","0","boundaries"
"2","0","between"
"18","0","phonetics"
"37","0","phonology"
"2","0","genetic"
"0","0","evolutionary"
"2","0","computation"
"24","0","conf"
"20","0","cognitive"
"15","0","science"
"7","0","np"
"7","0","jobs"
"0","0","zealand"
"11","1","asian"
"2","2","girls"
"3","2","day"
"16","1","university"
"0","0","wisconsin"
"0","0","milwaukee"
"185","0","linguistics"
"3","0","acm"
"4","1","digital"
"1","0","libraries"
"30","0","computational"
"10","0","colloquium"
"135","4","call"
"73","0","papers"
"4","0","dgfs"
"10","0","meeting"
"27","0","cfp"
"0","0","ijhcs"
"16","0","issue"
"0","0","kruse"
"5","0","knowledge"
"5","0","retrieval"
"1","0","storage"
"0","0","flexible"
"0","0","hypertext"
"1","0","hispanic"
"0","0","lingusitic"
"7","0","intl"
"6","0","bilingualism"
"1","0","contragram"
"14","2","www"
"21","1","acquisition"
"2","0","interlinguas"
"2","0","ws"
"19","0","chomsky"
"13","0","citations"
"5","0","citation"
"4","4","unlimited"
"2","2","cash"
"5","5","millions"
"5","3","did"
"2","0","end"
"8","3","up"
"7","4","please"
"0","0","respond"
"5","3","cd"
"1","0","rom"
"0","0","mispased"
"1","0","idioms"
"6","6","hi"
"1","0","poznan"
"31","0","linguistic"
"0","0","circular"
"0","0","linguistisches"
"0","0","kolloquium"
"1","0","kassel"
"1","0","interdisciplinary"
"0","0","emnlp"
"2","0","maintenance"
"4","1","loss"
"1","0","langs"
"0","0","internationale"
"0","0","arbeitstagung"
"0","0","computereinsatz"
"0","0","der"
"4","0","grammatical"
"1","0","inference"
"0","0","icgl"
"0","0","nottingham"
"2","0","systemic"
"16","10","or"
"5","4","better"
"2","2","returns"
"2","2","return"
"2","2","investment"
"1","0","conceptual"
"2","0","structures"
"4","0","african"
"0","0","wollic"
"3","0","species"
"4","0","policy"
"21","0","german"
"2","0","affricates"
"12","1","summer"
"10","0","school"
"6","0","typology"
"0","0","mainz"
"3","0","int"
"4","0","parsing"
"0","0","technologies"
"4","0","preliminary"
"3","0","social"
"4","0","communication"
"2","0","cuba"
"1","0","large"
"6","0","corpora"
"0","0","nlg"
"0","0","bit"
"2","0","characters"
"8","0","functional"
"28","0","grammar"
"0","0","seals"
"0","0","kuala"
"0","0","lumpur"
"2","0","spring"
"52","1","job"
"0","0","nunn"
"5","0","dutch"
"1","0","orthography"
"0","0","bella"
"0","0","coola"
"6","4","great"
"8","5","opportunity"
"12","12","just"
"3","1","any"
"3","0","other"
"0","0","consulting"
"0","0","assignment"
"3","0","minimalist"
"1","0","approach"
"0","0","intrasentential"
"1","0","code"
"1","0","switching"
"0","0","jeff"
"0","0","macswan"
"1","1","beginning"
"1","0","multidisciplinary"
"0","0","periodical"
"1","0","comments"
"1","1","weight"
"1","1","patch"
"2","1","north"
"4","3","america"
"1","1","print"
"2","1","form"
"2","1","reply"
"1","1","fax"
"11","3","info"
"7","5","our"
"1","1","minute"
"6","3","line"
"2","2","personal"
"2","2","message"
"3","3","trial"
"3","3","membership"
"5","0","question"
"0","0","ssc"
"2","0","semiotic"
"1","1","view"
"6","6","win"
"1","0","dos"
"0","0","musement"
"12","0","second"
"7","0","writing"
"19","0","theory"
"0","0","predicates"
"2","2","unique"
"2","2","advertisement"
"3","2","vacation"
"4","0","text"
"14","0","speech"
"2","0","dialog"
"0","0","tsd"
"4","4","they"
"7","5","can"
"3","2","even"
"2","2","steal"
"2","2","identity"
"1","1","tri"
"1","1","p"
"1","1","arround"
"1","1","wor"
"0","0","aaai"
"3","0","fall"
"0","0","symoposium"
"0","0","formalizing"
"11","0","context"
"0","0","aaal"
"20","0","translation"
"5","5","released"
"2","0","aaas"
"5","4","family"
"3","3","care"
"2","0","h"
"2","0","tuttle"
"0","0","sumary"
"1","0","accents"
"0","0","linguistnet"
"0","0","classroom"
"1","1","accept"
"7","7","credit"
"1","1","cards"
"1","1","watch"
"3","3","sales"
"2","2","skyrocket"
"0","0","acceptability"
"5","0","adjectives"
"0","0","accuracy"
"8","0","historical"
"2","0","reconstruction"
"10","0","acl"
"11","0","association"
"8","0","proposals"
"1","0","theme"
"27","0","final"
"0","0","translingual"
"1","0","management"
"1","0","sac"
"3","0","track"
"1","0","coordination"
"5","0","multimedia"
"1","0","indexing"
"1","0","reflexive"
"2","0","verbs"
"5","4","ad"
"1","1","increase"
"3","2","stop"
"1","1","pain"
"4","4","fast"
"0","0","adcs"
"1","0","addendum"
"0","0","coston"
"1","0","object"
"2","0","affixes"
"6","6","capital"
"6","6","fm"
"10","1","address"
"13","1","change"
"0","0","changement"
"1","0","d"
"0","0","adresse"
"0","0","john"
"0","0","thayer"
"0","0","jensen"
"8","0","terminology"
"5","5","adult"
"1","1","viva"
"5","1","la"
"1","1","revolution"
"4","4","adults"
"1","1","onlyhottest"
"1","1","everall"
"1","1","lines"
"1","1","unsencored"
"7","7","adv"
"2","2","small"
"1","1","owner"
"1","1","download"
"2","1","register"
"11","6","web"
"12","10","site"
"5","4","over"
"4","2","search"
"1","1","engines"
"1","1","instanly"
"2","2","instant"
"2","2","publisher"
"4","1","press"
"2","1","release"
"2","2","earn"
"3","1","next"
"4","2","days"
"2","1","works"
"1","1","paid"
"1","1","surf"
"2","2","net"
"1","1","pristine"
"1","1","remote"
"1","1","wilderness"
"1","1","acreage"
"2","2","advertise"
"1","1","advertsing"
"1","1","its"
"3","2","legal"
"1","1","smtp"
"0","0","afar"
"0","0","affirmative"
"0","0","o"
"0","0","segment"
"5","1","two"
"1","0","southern"
"1","0","africa"
"1","0","afro"
"1","0","asiatic"
"1","0","aiml"
"14","0","participation"
"2","2","secret"
"0","0","sheffield"
"6","0","registration"
"0","0","con"
"0","0","tut"
"1","0","alt"
"3","0","iii"
"1","1","health"
"1","1","benefits"
"1","1","green"
"1","1","tea"
"1","1","revealed"
"13","0","american"
"6","0","dialect"
"26","0","journal"
"0","0","amlap"
"6","0","abstracts"
"0","0","amsterdam"
"3","0","series"
"6","0","child"
"2","0","development"
"14","2","vol"
"1","0","amta"
"1","0","embedded"
"6","0","mt"
"13","0","systems"
"6","5","live"
"4","3","video"
"14","0","analysis"
"0","0","rap"
"4","0","data"
"1","1","analysts"
"3","1","choose"
"1","1","adlu"
"1","1","microcap"
"1","1","bestock"
"1","1","pick"
"4","4","visit"
"7","5","us"
"2","2","tropics"
"2","0","anaphora"
"1","0","ancient"
"0","0","vocal"
"0","0","tract"
"0","0","simulation"
"1","1","angels"
"1","1","sent"
"1","1","serve"
"1","1","mankind"
"0","0","anglicization"
"0","0","composers"
"6","0","names"
"0","0","anglo"
"21","0","studies"
"0","0","announce"
"5","1","mac"
"1","0","common"
"1","0","lisp"
"2","2","http"
"2","0","server"
"0","0","beta"
"0","0","follows"
"4","0","opening"
"0","0","universite"
"0","0","geneve"
"0","0","announcing"
"0","0","rifra"
"0","0","announcment"
"5","0","j"
"0","0","flege"
"1","0","gldv"
"7","0","anthropological"
"0","0","antipassive"
"0","0","sumerologists"
"3","2","there"
"0","0","ape"
"0","0","apocryphal"
"0","0","structuralist"
"0","0","assertions"
"2","0","appel"
"17","0","applied"
"12","0","teaching"
"5","0","foreign"
"16","0","position"
"2","1","april"
"1","1","vip"
"5","5","specials"
"1","1","legend"
"1","1","micro"
"2","2","inc"
"3","0","arabic"
"0","0","socitey"
"29","1","program"
"24","4","are"
"0","0","most"
"2","2","serious"
"5","2","future"
"0","0","arizona"
"6","6","profit"
"1","0","armenian"
"22","0","ling"
"1","0","articulatory"
"0","0","sinthesizer"
"3","0","artificial"
"2","0","intelligence"
"9","1","as"
"4","4","requested"
"3","2","samples"
"3","0","asia"
"0","0","pacific"
"1","0","translators"
"0","0","editors"
"1","0","asl"
"5","0","dictionary"
"1","0","asllrp"
"1","0","signstream"
"4","0","aspects"
"0","0","atelier"
"0","0","des"
"0","0","doctorants"
"3","0","linguistique"
"0","0","adl"
"0","0","athapaskan"
"1","1","attract"
"6","3","women"
"1","1","attraction"
"0","0","augias"
"0","0","aum"
"0","0","shinri"
"0","0","kyo"
"1","0","ausschreibung"
"1","0","professur"
"0","0","universitaet"
"0","0","heidelberg"
"3","0","australian"
"1","0","national"
"1","1","place"
"3","0","project"
"0","0","fellow"
"1","0","austronesian"
"1","1","auto"
"2","2","insurance"
"1","1","rates"
"1","1","too"
"4","2","high"
"0","0","autoantonyms"
"2","0","autumn"
"6","0","avail"
"46","0","semantics"
"1","0","mon"
"1","0","khmer"
"0","0","adverbs"
"2","0","binding"
"0","0","events"
"2","0","objects"
"0","0","dong"
"1","0","interpreting"
"2","0","prosody"
"19","1","available"
"21","0","discourse"
"1","0","vietnamese"
"1","0","kpelle"
"1","0","massaro"
"11","0","lexical"
"2","0","database"
"6","0","case"
"21","0","pragmatics"
"4","0","optimality"
"0","0","disorders"
"12","0","morphology"
"0","0","awali"
"0","0","axiomatic"
"0","0","baal"
"0","0","prize"
"1","1","bad"
"0","0","baltics"
"0","0","bangani"
"0","0","base"
"0","0","generated"
"3","0","adjuncts"
"5","0","basic"
"5","0","course"
"1","0","neurolinguistics"
"0","0","journals"
"8","0","word"
"3","0","order"
"1","1","beat"
"1","1","irs"
"1","1","become"
"8","1","an"
"1","1","certified"
"5","4","pc"
"1","1","technicia"
"1","0","becoming"
"12","12","best"
"1","1","elimination"
"1","1","demo"
"2","2","gift"
"1","1","kept"
"5","5","secrets"
"1","1","finally"
"1","1","exposedwhat"
"1","1","stores"
"6","6","want"
"8","8","know"
"25","4","that"
"1","1","well"
"1","1","made"
"1","1","beyond"
"1","0","bgs"
"0","0","biographies"
"1","0","bisfai"
"12","0","deadline"
"2","0","extension"
"0","0","bloomfield"
"0","0","bls"
"13","0","corpus"
"0","0","introduction"
"0","0","ferdinand"
"0","0","saussure"
"0","0","curs"
"0","0","lingvistica"
"0","0","generala"
"12","0","nlp"
"2","0","using"
"0","0","prolog"
"1","0","intonation"
"0","0","thomas"
"0","0","barthel"
"5","5","submit"
"2","2","definitely"
"0","0","classics"
"0","0","reissued"
"3","0","notice"
"18","3","list"
"1","0","labelled"
"1","0","deduction"
"0","0","sed"
"0","0","awk"
"0","0","cheng"
"1","0","wh"
"2","0","questions"
"1","0","reviewers"
"3","1","wanted"
"10","10","capitalfm"
"10","10","com"
"45","2","books"
"4","1","survey"
"1","0","pidgins"
"1","0","creoles"
"0","0","oceanic"
"1","0","uralic"
"1","0","articles"
"7","0","latin"
"3","3","wholesale"
"2","2","club"
"16","2","history"
"4","0","written"
"1","0","literacy"
"0","0","braille"
"14","0","ipa"
"2","0","brazilian"
"0","0","ebicc"
"3","0","british"
"4","0","vs"
"1","0","bu"
"18","0","lang"
"0","0","dev"
"1","1","build"
"21","2","own"
"1","1","calbe"
"4","4","tv"
"3","3","descrambler"
"11","3","with"
"18","8","only"
"4","1","parts"
"1","0","bulgarian"
"1","0","classes"
"3","2","u"
"1","1","mailin"
"1","1","bulletproof"
"1","1","hosting"
"1","1","per"
"2","1","month"
"0","0","burmese"
"1","1","loans"
"1","1","leasing"
"2","1","equipment"
"5","0","c"
"1","0","insertion"
"0","0","james"
"0","0","huang"
"3","3","cable"
"1","1","decsrambler"
"0","0","cahiers"
"0","0","asie"
"0","0","orientale"
"0","0","cal"
"3","0","extended"
"1","0","csdl"
"1","0","field"
"3","0","reports"
"7","0","endangered"
"1","0","lgs"
"1","0","lsa"
"8","0","generative"
"2","0","glow"
"5","0","approaches"
"1","0","lit"
"0","0","lowlands"
"4","1","l"
"4","0","discussion"
"0","0","neural"
"0","0","symbolic"
"1","0","nystesol"
"0","0","winter"
"15","0","spanish"
"5","0","contact"
"2","0","texas"
"3","0","syntactic"
"0","0","listserve"
"1","0","contributions"
"2","0","post"
"0","0","programming"
"0","0","jengl"
"0","0","rocling"
"0","0","publier"
"0","0","mexico"
"2","0","lagb"
"1","0","prehistory"
"5","0","south"
"2","0","session"
"3","0","mla"
"0","0","panel"
"0","0","telephone"
"2","0","calls"
"0","0","communist"
"2","0","rochebrune"
"3","0","url"
"2","2","me"
"1","0","optionality"
"0","0","weisgerber"
"2","0","indigenous"
"0","0","wail"
"2","2","lucky"
"5","0","canadian"
"1","0","assoc"
"0","0","immersion"
"1","0","teachers"
"0","0","carnie"
"0","0","linguistlist"
"0","0","org"
"0","0","cartoons"
"1","0","marking"
"0","0","genitive"
"0","0","locatives"
"0","0","causal"
"0","0","connectives"
"0","0","presuppositions"
"0","0","luuk"
"0","0","lagerwerf"
"0","0","ccall"
"0","0","celao"
"0","0","celiac"
"0","0","oaxaca"
"12","0","native"
"3","0","celtic"
"0","0","central"
"5","0","japan"
"2","0","education"
"1","0","ceth"
"4","0","seminar"
"2","1","electronic"
"12","0","texts"
"4","0","humanities"
"4","0","recent"
"0","0","advances"
"0","0","eamt"
"0","0","geneva"
"2","0","edinburgh"
"3","0","sept"
"0","0","foundation"
"0","0","langages"
"0","0","icsnl"
"7","0","literature"
"1","1","collection"
"1","0","spatial"
"1","0","expressions"
"1","0","intelligent"
"1","0","integration"
"0","0","during"
"0","0","ecai"
"0","0","spoken"
"0","0","generation"
"3","0","multimodal"
"0","0","cgsw"
"1","0","updated"
"0","0","chamito"
"4","0","semitic"
"2","0","changes"
"0","0","chechen"
"3","3","check"
"1","1","worth"
"1","1","look"
"1","0","chess"
"0","0","endgame"
"1","0","chicago"
"0","0","chiphon"
"0","0","acquistion"
"1","0","forum"
"16","0","chinese"
"0","0","oriental"
"1","0","dialectology"
"29","0","words"
"0","0","luo"
"0","0","changpei"
"0","0","rhymes"
"8","3","help"
"1","0","romanization"
"0","0","gwoyeu"
"0","0","romatzyh"
"0","0","article"
"0","0","mandeville"
"0","0","paradox"
"0","0","cilca"
"1","0","vii"
"0","0","cimca"
"1","0","citing"
"4","0","cl"
"1","0","contemporary"
"1","0","topics"
"5","0","queries"
"5","0","speakers"
"0","0","claw"
"0","0","clite"
"0","0","closing"
"2","0","soas"
"0","0","closings"
"0","0","academic"
"0","0","depts"
"0","0","layoffs"
"0","0","san"
"0","0","diego"
"4","0","state"
"0","0","closure"
"0","0","famous"
"0","0","department"
"0","0","cmc"
"0","0","rhodes"
"2","1","technical"
"0","0","ircs"
"0","0","creolistics"
"7","0","coling"
"1","0","announcements"
"2","0","workshops"
"0","0","cfps"
"0","0","worshop"
"3","0","dependency"
"8","0","based"
"5","0","grammars"
"0","0","multi"
"0","0","lingual"
"1","0","multilingual"
"2","1","report"
"7","1","last"
"2","0","computerm"
"2","0","relations"
"2","0","markers"
"0","0","collective"
"0","0","agent"
"0","0","collocations"
"11","0","french"
"0","0","rapide"
"0","0","colloque"
"0","0","plurilinguisme"
"4","0","et"
"1","0","enseignement"
"0","0","henry"
"0","0","sweet"
"1","1","come"
"1","1","sunshine"
"0","0","comp"
"8","0","general"
"1","0","illinois"
"0","0","shared"
"3","1","sound"
"4","0","ary"
"4","0","comparison"
"1","0","again"
"0","0","geoff"
"0","0","pullum"
"8","0","innateness"
"10","0","romance"
"1","1","group"
"9","0","slavic"
"2","0","morphosyntax"
"0","0","comparatives"
"1","0","complexity"
"3","0","compounds"
"0","0","pdp"
"0","0","computaional"
"1","0","thematic"
"1","0","sessions"
"1","0","phd"
"3","0","students"
"2","0","tutorials"
"0","0","altavista"
"0","0","refine"
"0","0","option"
"2","0","computationally"
"3","0","intensive"
"5","0","methods"
"4","0","quantitative"
"2","0","mediated"
"1","0","conversation"
"1","0","assisted"
"1","1","edition"
"5","0","computers"
"0","0","comutational"
"2","0","lacl"
"0","0","nancy"
"0","0","france"
"0","0","alasa"
"0","0","inaugural"
"3","2","k"
"0","0","mitxelena"
"0","0","ihardunaldiak"
"0","0","clin"
"0","0","melbourne"
"0","0","postgraduate"
"0","0","salsa"
"3","1","engineering"
"1","0","translating"
"0","0","film"
"0","0","maritime"
"5","0","lexicon"
"1","0","focus"
"1","0","tai"
"0","0","aisb"
"0","0","talc"
"0","0","feb"
"1","0","msu"
"1","0","moscow"
"0","0","leuven"
"0","0","listing"
"1","0","queensland"
"1","0","australia"
"0","0","catalan"
"1","0","section"
"6","0","imperialism"
"1","0","italian"
"1","0","teacher"
"0","0","advanced"
"8","2","technology"
"2","0","verb"
"2","0","mental"
"0","0","turkic"
"0","0","symp"
"0","0","math"
"0","0","conferrence"
"1","1","confidential"
"1","1","conformation"
"3","0","confs"
"0","0","ind"
"0","0","arian"
"3","0","indo"
"0","0","iranian"
"3","0","scil"
"1","1","conquer"
"1","1","thinning"
"1","1","hair"
"1","1","dandruff"
"1","1","problems"
"1","1","forever"
"1","0","consciousness"
"2","0","console"
"1","1","consolidate"
"1","1","debts"
"2","2","improvements"
"0","0","constraints"
"0","0","preferences"
"0","0","plm"
"7","0","first"
"1","0","contrastive"
"9","0","page"
"0","0","solicited"
"1","0","newsletter"
"2","2","control"
"1","1","creditline"
"1","1","deposit"
"0","0","conv"
"0","0","div"
"1","0","reading"
"1","0","convergence"
"1","0","divergence"
"1","0","statistical"
"0","0","corpuys"
"1","0","corrected"
"1","0","syllable"
"2","2","correspondence"
"1","1","friends"
"0","0","coswl"
"1","1","create"
"1","1","file"
"1","1","legally"
"2","1","creating"
"4","0","sense"
"0","0","realities"
"1","1","wealth"
"2","2","guaranteed"
"0","0","cssi"
"1","0","cognition"
"1","0","cultural"
"0","0","identities"
"1","0","currency"
"4","0","evolution"
"2","0","current"
"0","0","constraint"
"1","0","theories"
"1","1","cute"
"1","1","karen"
"1","1","gives"
"1","1","shocking"
"0","0","thereon"
"1","0","date"
"0","0","formats"
"3","0","analogy"
"1","1","dated"
"2","1","material"
"1","1","dave"
"1","1","dear"
"1","1","website"
"1","1","operator"
"0","0","december"
"1","1","defend"
"1","1","yourself"
"1","1","against"
"1","1","criminals"
"1","0","deixis"
"0","0","demonstration"
"0","0","deictic"
"0","0","belief"
"2","1","optical"
"1","1","plan"
"2","0","issues"
"1","0","corrections"
"0","0","reactions"
"0","0","reformatting"
"2","0","descriptive"
"0","0","deseret"
"0","0","desparately"
"2","0","seeking"
"2","0","developments"
"3","0","gls"
"0","0","summerschool"
"0","0","september"
"0","0","saarbruecken"
"0","0","dhumbadji"
"0","0","diachronic"
"0","0","synchronic"
"4","0","east"
"0","0","xv"
"0","0","diachrony"
"0","0","dialectal"
"3","0","variation"
"0","0","dialogues"
"0","0","bakhtin"
"6","0","dick"
"6","0","armey"
"5","0","slip"
"0","0","dictionaries"
"1","0","subcategorization"
"0","0","frames"
"3","3","right"
"1","1","calsvxtn"
"1","1","yet"
"0","0","analog"
"0","0","tape"
"1","0","recorders"
"6","0","working"
"3","0","paper"
"1","1","dirt"
"1","1","cheap"
"1","1","drives"
"23","0","disc"
"1","0","uk"
"1","0","schools"
"0","0","parameter"
"2","0","aspect"
"4","0","he"
"3","0","she"
"0","0","discontinuous"
"1","0","constituency"
"10","0","reference"
"0","0","delegates"
"1","0","seeing"
"1","0","barn"
"1","0","red"
"2","0","textbooks"
"1","1","discover"
"0","0","dislocations"
"0","0","distance"
"4","1","programs"
"2","0","distributing"
"2","0","accessing"
"1","1","orbit"
"1","1","cyberspace"
"1","1","miss"
"2","1","these"
"1","1","economical"
"1","1","hunting"
"1","1","enjoy"
"1","1","having"
"5","5","his"
"5","5","her"
"5","5","background"
"3","2","like"
"1","1","saltwater"
"1","1","aquariums"
"8","6","need"
"0","0","document"
"1","1","design"
"1","1","domani"
"1","0","donnellan"
"3","0","double"
"5","0","negation"
"1","0","black"
"1","1","dr"
"1","1","tina"
"1","1","alster"
"1","1","cosmetic"
"1","1","laser"
"1","1","surgery"
"1","1","skinlaser"
"1","0","eacl"
"7","0","student"
"7","0","posting"
"2","0","early"
"0","0","cimql"
"1","1","every"
"1","1","rings"
"2","0","revised"
"2","1","young"
"1","0","researcher"
"0","0","ecml"
"1","0","tanlps"
"0","0","ecology"
"0","0","edt"
"1","0","effects"
"3","0","morphological"
"3","0","utrecht"
"3","0","univ"
"2","0","efl"
"2","0","israel"
"2","0","positions"
"1","1","electric"
"1","1","motors"
"1","0","informants"
"0","0","elsnet"
"0","0","w"
"0","0","dressler"
"2","0","be"
"1","1","goldmine"
"0","0","empathetic"
"0","0","encyclopedia"
"1","0","isolating"
"0","0","waseda"
"1","0","parser"
"0","0","tagger"
"0","0","epenthesis"
"6","0","rules"
"0","0","ernest"
"0","0","scatton"
"2","0","errors"
"1","0","escol"
"6","0","eskimo"
"0","0","scottish"
"0","0","ice"
"7","0","etc"
"2","0","esl"
"0","0","curriculum"
"0","0","children"
"0","0","cut"
"22","0","their"
"0","0","insights"
"0","0","esrc"
"0","0","quota"
"0","0","awards"
"0","0","masters"
"4","0","esslli"
"0","0","probabilistic"
"5","0","logic"
"0","0","randomised"
"0","0","que"
"0","0","esther"
"1","0","torrego"
"1","0","dependencies"
"1","0","estuary"
"1","0","euralex"
"1","0","keynote"
"0","0","lectures"
"1","1","eureka"
"0","0","eurogp"
"9","0","speaker"
"7","0","intuitions"
"0","0","evolvable"
"0","0","hardware"
"0","0","gp"
"1","0","expletive"
"1","0","opacity"
"2","2","extra"
"1","1","ez"
"2","2","finance"
"2","2","fancy"
"2","2","flutter"
"3","3","here"
"1","1","tip"
"1","1","atip"
"0","0","farsi"
"0","0","persian"
"0","0","light"
"1","0","constructions"
"0","0","fasl"
"1","1","delivery"
"1","0","fellowship"
"1","0","applications"
"6","0","institute"
"0","0","feminine"
"0","0","feminist"
"2","0","fifth"
"1","0","graduate"
"0","0","romanic"
"2","0","penn"
"4","0","open"
"4","0","letter"
"0","0","annotation"
"0","0","voiceless"
"0","0","velar"
"0","0","fricative"
"1","1","finalists"
"1","1","announced"
"3","3","financial"
"2","2","freedom"
"1","1","while"
"1","1","sleeping"
"8","5","what"
"0","0","finding"
"0","0","advice"
"1","0","israeli"
"0","0","five"
"0","0","lots"
"2","1","following"
"0","0","answers"
"0","0","my"
"47","0","query"
"1","0","font"
"3","0","fonts"
"2","2","forbidden"
"9","9","xxx"
"3","0","culture"
"1","0","ads"
"0","0","commercials"
"1","0","forensic"
"0","0","subscription"
"4","0","formal"
"2","0","ed"
"1","0","forwarded"
"5","0","ucla"
"0","0","temporary"
"0","0","fourth"
"0","0","mcwop"
"0","0","fracas"
"0","0","deliverables"
"0","0","franklin"
"0","0","clipper"
"0","0","franz"
"0","0","boas"
"5","5","selling"
"1","1","author"
"1","1","robert"
"1","1","allen"
"1","1","copy"
"2","2","products"
"1","1","government"
"1","1","marketplace"
"2","2","enterprise"
"2","2","figures"
"2","2","months"
"3","3","mlm"
"1","1","mths"
"1","1","catalog"
"6","6","hot"
"1","1","password"
"1","1","services"
"1","1","shopping"
"1","1","sexxx"
"2","2","marketing"
"2","1","audio"
"1","1","promotional"
"1","1","quote"
"4","4","save"
"1","1","term"
"1","1","stealth"
"1","1","fix"
"0","0","neologisms"
"0","0","grad"
"0","0","fresh"
"0","0","fieldwork"
"1","1","freshest"
"2","2","pro"
"1","1","newbie"
"1","1","fanny"
"1","1","recommending"
"1","1","nek"
"0","0","fsmnlp"
"1","0","grants"
"0","0","fulbright"
"0","0","disseminate"
"9","2","lists"
"0","0","paul"
"0","0","boersma"
"2","0","functions"
"3","0","fyi"
"0","0","umich"
"1","0","training"
"1","1","tools"
"0","0","cascadilla"
"2","0","g"
"0","0","ramstedt"
"0","0","biography"
"0","0","mulder"
"0","0","indirecte"
"0","0","en"
"0","0","directe"
"0","0","directieven"
"2","0","gala"
"0","0","gb"
"2","0","genderless"
"0","0","gene"
"0","0","flow"
"0","0","europeans"
"4","0","theoretical"
"4","0","oxford"
"3","0","sla"
"2","0","iv"
"2","0","classification"
"0","0","genie"
"6","1","update"
"1","0","gent"
"0","0","george"
"0","0","aditjondro"
"0","0","nova"
"0","0","scotia"
"0","0","noun"
"0","0","taxonomy"
"1","0","automatic"
"2","0","translator"
"0","0","modals"
"2","0","philology"
"1","1","stuffing"
"1","1","envelopes"
"1","1","ukjx"
"1","1","rid"
"5","4","if"
"1","1","bills"
"1","1","under"
"1","1","monthly"
"3","3","bill"
"2","1","manager"
"6","0","glot"
"1","0","phonological"
"0","0","agreement"
"3","0","schedule"
"0","0","gmt"
"1","1","speed"
"1","1","racer"
"0","0","goettingen"
"3","2","going"
"1","1","good"
"1","1","luck"
"0","0","derived"
"0","0","notions"
"2","0","grammaticalization"
"0","0","granada"
"1","1","casino"
"0","0","grepping"
"1","1","guess"
"1","1","oqth"
"1","0","gurt"
"0","0","long"
"0","0","hansa"
"0","0","harold"
"0","0","orton"
"0","0","centenary"
"0","0","haskins"
"0","0","laboratories"
"0","0","wide"
"1","1","dream"
"0","0","head"
"0","0","driven"
"2","0","phrase"
"4","0","structure"
"4","4","hello"
"1","0","stress"
"0","0","intro"
"1","1","send"
"3","3","hey"
"1","1","interested"
"2","2","some"
"0","0","desert"
"2","0","germany"
"1","0","hil"
"0","0","hilp"
"0","0","luso"
"0","0","literatures"
"0","0","praxis"
"0","0","ideas"
"1","0","phonetic"
"1","0","sciences"
"2","0","united"
"1","0","states"
"0","0","hokan"
"0","0","penutian"
"0","0","holding"
"0","0","managing"
"0","0","hand"
"1","1","mth"
"0","0","homophones"
"0","0","hong"
"0","0","kong"
"0","0","honored"
"0","0","hotel"
"5","0","nels"
"1","1","does"
"2","2","investigate"
"1","0","hpsg"
"0","0","slash"
"1","1","xxxnet"
"1","1","cx"
"6","1","non"
"1","0","disambiguation"
"0","0","computing"
"0","0","humor"
"0","0","huron"
"0","0","hwaet"
"3","0","old"
"0","0","hypermedia"
"0","0","den"
"0","0","geisteswissenschaften"
"2","0","teach"
"0","0","vedder"
"0","0","dunque"
"0","0","italia"
"0","0","ha"
"0","0","perso"
"1","0","il"
"0","0","suo"
"0","0","fascino"
"1","1","stand"
"0","0","iada"
"0","0","ial"
"0","0","perspective"
"0","0","ials"
"2","0","iatl"
"0","0","iawe"
"2","1","alert"
"0","0","iceis"
"1","0","icl"
"0","0","seoul"
"0","0","icla"
"0","0","icoll"
"2","0","icslp"
"0","0","due"
"3","1","may"
"1","1","idea"
"0","0","ie"
"0","0","iee"
"0","0","colloq"
"0","0","london"
"0","0","sharkey"
"0","0","mc"
"1","1","wealthy"
"1","1","ignore"
"0","0","igg"
"1","0","jornadas"
"1","0","linguistica"
"0","0","aborigen"
"0","0","ila"
"1","1","important"
"1","1","wound"
"2","2","income"
"1","1","tax"
"1","1","filing"
"1","1","refunds"
"17","0","opposites"
"6","0","part"
"2","2","incredible"
"0","0","indoeuropean"
"3","0","courses"
"0","0","listed"
"0","0","universities"
"1","1","office"
"0","0","wilhelm"
"0","0","von"
"0","0","timroth"
"8","1","request"
"1","1","infoseek"
"2","2","ultimate"
"1","1","features"
"1","1","same"
"0","0","inofficial"
"1","1","inquiry"
"0","0","slang"
"1","0","rock"
"0","0","directory"
"0","0","scholars"
"0","0","disintegration"
"0","0","industrial"
"0","0","automation"
"0","0","iia"
"1","0","interactions"
"0","0","virtual"
"0","0","worlds"
"0","0","intercultural"
"0","0","interim"
"0","0","anthropoid"
"0","0","ability"
"4","0","intern"
"3","0","sociology"
"3","0","ijsl"
"0","0","storytelling"
"0","0","ta"
"0","0","connecticut"
"1","0","accessible"
"3","2","top"
"1","1","earnings"
"1","1","investments"
"1","1","user"
"2","1","specialist"
"1","1","spy"
"0","0","internships"
"0","0","dialectologists"
"0","0","inversion"
"1","1","browser"
"2","1","invitation"
"0","0","austerlitz"
"0","0","unix"
"0","0","tex"
"0","0","americanist"
"0","0","symbols"
"0","0","isfc"
"0","0","item"
"0","0","congreso"
"0","0","argentino"
"0","0","hispanistas"
"0","0","firth"
"0","0","situation"
"16","0","japanese"
"3","0","thanks"
"7","0","korean"
"0","0","sec"
"0","0","acq"
"0","0","jeonju"
"0","0","chonju"
"2","0","korea"
"0","0","jireem"
"0","0","utxvms"
"0","0","cc"
"0","0","utexas"
"1","0","edu"
"0","0","kr"
"0","0","nl"
"0","0","austin"
"0","0","tx"
"0","0","utah"
"0","0","keio"
"1","0","indonesian"
"1","0","lexicography"
"0","0","delaware"
"0","0","informatique"
"0","0","montreal"
"0","0","assistant"
"0","0","seelangs"
"0","0","advert"
"0","0","rf"
"0","0","advertisment"
"0","0","lexicographers"
"0","0","academia"
"0","0","sinica"
"0","0","taiwan"
"0","0","sociolinguist"
"0","0","ohio"
"0","0","max"
"0","0","planck"
"6","0","psycholinguistics"
"0","0","india"
"1","1","offering"
"1","0","socio"
"0","0","openings"
"0","0","celex"
"0","0","netherlands"
"0","0","center"
"1","0","lexicographer"
"1","0","microsoft"
"1","0","st"
"0","0","louis"
"1","0","tesol"
"1","0","instructor"
"1","0","portuguese"
"2","0","langues"
"0","0","revue"
"0","0","january"
"1","0","june"
"0","0","textlinguistics"
"2","0","journees"
"0","0","judging"
"0","0","eisteddfodau"
"1","0","judgment"
"1","0","fatigue"
"0","0","stromswold"
"0","0","ross"
"0","0","tang"
"0","0","boyland"
"0","0","boolean"
"1","1","junk"
"1","1","christmas"
"0","0","polgardi"
"2","0","vowel"
"0","0","harmony"
"0","0","kansas"
"1","0","kant"
"0","0","kay"
"0","0","csl"
"1","1","keeps"
"3","3","online"
"0","0","kentucky"
"0","0","kitahara"
"5","0","bibliography"
"0","0","ickl"
"2","0","macintosh"
"0","0","kornfilt"
"0","0","turkish"
"0","0","koyra"
"0","0","chiini"
"0","0","songhay"
"1","0","west"
"0","0","elizabeth"
"0","0","grace"
"0","0","winkler"
"0","0","kroch"
"0","0","constant"
"0","0","hypothesis"
"3","1","all"
"1","1","needs"
"1","1","today"
"0","0","empathy"
"0","0","thematisation"
"0","0","dans"
"1","0","les"
"0","0","lab"
"0","0","labov"
"3","0","tense"
"2","0","logical"
"0","0","languaes"
"0","0","grammaire"
"0","0","modified"
"2","0","dates"
"0","0","interaction"
"0","0","breakdown"
"1","0","processes"
"4","0","gender"
"0","0","legislation"
"0","0","power"
"4","0","metaphor"
"0","0","metaphors"
"0","0","aaa"
"0","0","southwest"
"3","0","indian"
"0","0","migrants"
"1","0","planning"
"0","0","pedagogy"
"0","0","millenium"
"0","0","requirements"
"3","0","evaluation"
"2","0","languaging"
"1","0","across"
"0","0","lasso"
"1","0","wecol"
"1","1","chance"
"0","0","lat"
"0","0","amer"
"3","0","latex"
"0","0","latvian"
"2","0","ld"
"1","0","learn"
"0","0","quebec"
"0","0","city"
"0","0","styles"
"0","0","strategies"
"0","0","childhood"
"0","0","lectureship"
"0","0","leeds"
"0","0","temps"
"0","0","du"
"0","0","passe"
"0","0","francais"
"0","0","leur"
"0","0","semantic"
"0","0","tagging"
"2","0","capitalisation"
"3","0","lg"
"1","1","limited"
"1","1","reservation"
"0","0","nameserver"
"0","0","consortium"
"1","0","ldc"
"0","0","datasources"
"0","0","action"
"0","0","mdia"
"0","0","impact"
"0","0","eastern"
"1","0","britain"
"3","0","fiction"
"1","1","link"
"2","2","sweepstakes"
"0","0","taboo"
"1","0","version"
"1","1","sale"
"1","1","mega"
"1","1","worldwide"
"1","0","literary"
"0","0","llt"
"2","0","natural"
"1","0","looking"
"0","0","hans"
"0","0","heinrich"
"0","0","waengler"
"0","0","horn"
"1","1","love"
"1","1","profile"
"1","1","ysuolvpv"
"0","0","lp"
"6","0","lrec"
"0","0","event"
"0","0","resourcs"
"1","0","lx"
"1","0","parallel"
"0","0","concordancer"
"2","0","summit"
"0","0","vi"
"0","0","usable"
"1","0","classical"
"2","2","major"
"2","0","varieties"
"1","1","within"
"0","0","making"
"0","0","malay"
"0","0","malc"
"0","0","markedness"
"3","2","market"
"1","1","try"
"0","0","maryland"
"1","0","materials"
"0","0","luganda"
"1","0","maya"
"1","0","mayan"
"3","0","meaning"
"2","0","medieval"
"0","0","atlantic"
"0","0","provinces"
"1","0","metathesis"
"1","1","microsynergy"
"0","0","midamerica"
"0","0","mini"
"0","0","split"
"0","0","constituents"
"0","0","contex"
"0","0","diversity"
"0","0","standardisation"
"1","1","mistress"
"1","1","shaved"
"1","1","invites"
"1","1","fetish"
"1","1","party"
"2","0","division"
"0","0","modal"
"4","0","modern"
"1","0","mongolian"
"0","0","mazel"
"0","0","tov"
"4","0","subjects"
"0","0","morphophonemics"
"2","2","move"
"1","1","gates"
"0","0","slt"
"5","0","reminder"
"0","0","muc"
"0","0","rule"
"1","0","ocr"
"2","0","character"
"1","0","recognition"
"1","0","multilinguality"
"0","0","multiple"
"1","0","etymological"
"1","0","sources"
"0","0","domain"
"0","0","mutual"
"0","0","ground"
"0","0","public"
"0","0","binary"
"0","0","classifications"
"0","0","negative"
"0","0","concord"
"0","0","neurophysiology"
"2","0","titles"
"0","0","atomism"
"0","0","bantu"
"0","0","bolognesi"
"0","0","campidanian"
"0","0","sardinian"
"0","0","clinical"
"0","0","hittite"
"5","0","philosophy"
"0","0","production"
"18","0","sociolinguistics"
"1","0","van"
"0","0","vijver"
"0","0","iambic"
"5","0","mitwpl"
"4","0","interface"
"0","0","instruction"
"1","0","network"
"0","0","basque"
"0","0","country"
"1","0","syntaxis"
"0","0","arcling"
"0","0","listserv"
"1","1","mailing"
"0","0","nynorsk"
"0","0","argument"
"2","0","perspectives"
"3","0","publications"
"1","0","title"
"0","0","reflections"
"2","2","savings"
"1","1","discovery"
"1","0","trends"
"0","0","variationist"
"0","0","attitudes"
"2","0","uci"
"1","0","dissertation"
"1","0","dissertations"
"1","0","ippe"
"1","0","nov"
"0","0","mar"
"0","0","nez"
"0","0","perce"
"1","0","nineteenth"
"1","0","roundtable"
"2","0","ia"
"0","0","tal"
"0","0","ai"
"2","0","misc"
"1","0","footnote"
"3","0","banning"
"1","0","accent"
"0","0","allowed"
"1","1","loan"
"1","1","consolidations"
"1","1","bull"
"0","0","nominal"
"2","0","decimal"
"2","0","counting"
"1","1","residents"
"1","0","nonreferential"
"2","1","subscribers"
"0","0","nsf"
"0","0","director"
"0","0","sber"
"1","0","number"
"0","0","invariance"
"0","0","nyankore"
"1","0","obituary"
"0","0","jochem"
"0","0","schindler"
"1","0","obligatory"
"1","0","clitic"
"1","0","doubling"
"0","0","odd"
"0","0","descriptions"
"1","1","closes"
"1","1","march"
"0","0","irish"
"0","0","expert"
"0","0","required"
"0","0","quick"
"0","0","library"
"0","0","catalogs"
"1","1","leads"
"0","0","separatism"
"0","0","versions"
"0","0","newspapers"
"1","1","will"
"1","1","retire"
"1","1","years"
"0","0","closed"
"0","0","optimal"
"1","0","humour"
"0","0","oulipo"
"1","1","latest"
"1","1","greatest"
"1","1","overworked"
"1","1","underpaid"
"0","0","pacling"
"0","0","palatal"
"0","0","palindromes"
"1","1","pardon"
"1","1","intrusion"
"2","2","but"
"5","5","read"
"0","0","parsers"
"3","0","russian"
"0","0","preference"
"0","0","passives"
"2","2","pay"
"0","0","pdt"
"1","1","penpals"
"1","1","freinds"
"1","0","perceiving"
"1","0","performing"
"0","0","ph"
"0","0","studentships"
"1","0","philippine"
"0","0","nat"
"0","0","phoentics"
"0","0","goedemans"
"0","0","weightless"
"0","0","segments"
"0","0","phoneme"
"0","0","bigrams"
"1","0","phonemicity"
"0","0","intonational"
"1","0","identification"
"0","0","competition"
"1","0","eng"
"0","0","physics"
"0","0","dependent"
"0","0","independent"
"0","0","pkdd"
"1","1","wont"
"1","1","regret"
"1","0","poem"
"0","0","point"
"0","0","thailand"
"0","0","policies"
"0","0","politeness"
"0","0","hamada"
"0","0","dragon"
"0","0","hearing"
"0","0","possessives"
"1","1","possible"
"2","2","stock"
"0","0","postdoctoral"
"0","0","fellowships"
"0","0","postings"
"0","0","ppsn"
"0","0","pragmatic"
"0","0","checking"
"0","0","anaphor"
"0","0","roelofs"
"0","0","hoe"
"0","0","bedoel"
"0","0","je"
"0","0","conditional"
"0","0","scott"
"0","0","schwenter"
"0","0","precoling"
"1","0","jakobson"
"1","1","premium"
"1","1","content"
"1","0","prepositions"
"5","5","princess"
"4","4","diana"
"1","1","flash"
"0","0","probus"
"0","0","gasla"
"1","1","prodigious"
"1","1","nfl"
"1","1","picks"
"0","0","marburg"
"0","0","joint"
"0","0","categorial"
"0","0","brazil"
"1","0","modality"
"3","0","sle"
"1","0","prolamat"
"1","1","promote"
"0","0","proofread"
"0","0","proper"
"1","0","proposal"
"1","1","prosperous"
"0","0","prototypical"
"0","0","vso"
"1","1","psoriasis"
"1","1","clear"
"0","0","postdoc"
"0","0","pwpl"
"2","0","volume"
"0","0","plc"
"16","0","q"
"0","0","game"
"0","0","kings"
"0","0","sea"
"0","0","voyage"
"0","0","many"
"0","0","each"
"0","0","kind"
"0","0","fundamental"
"0","0","frequency"
"8","0","terms"
"0","0","incorporation"
"0","0","mandarin"
"0","0","influence"
"3","0","tone"
"0","0","pier"
"0","0","marco"
"0","0","bertinetto"
"1","0","frequencies"
"0","0","lancker"
"0","0","preprint"
"0","0","welsh"
"0","0","wordnet"
"18","0","qs"
"0","0","ask"
"0","0","gogo"
"0","0","ideal"
"0","0","attitude"
"0","0","laryngeal"
"0","0","serrano"
"0","0","hualapai"
"2","0","syllabus"
"1","0","grasshopper"
"0","0","madam"
"0","0","chairwoman"
"0","0","after"
"0","0","causatives"
"1","0","single"
"1","0","mutation"
"0","0","classicalphilology"
"0","0","different"
"0","0","discourses"
"0","0","guide"
"0","0","hist"
"0","0","melcuk"
"0","0","melchuk"
"1","0","narrative"
"2","0","not"
"0","0","preserving"
"0","0","recordings"
"0","0","pseudo"
"0","0","explanations"
"0","0","sexist"
"2","0","example"
"1","0","sentences"
"0","0","standard"
"0","0","codes"
"0","0","status"
"0","0","stieber"
"0","0","law"
"0","0","tagalog"
"0","0","uninflected"
"0","0","tags"
"0","0","voicing"
"0","0","assimilation"
"0","0","vp"
"4","0","raising"
"0","0","interrogatives"
"0","0","aw"
"0","0","ay"
"0","0","alias"
"0","0","icelandic"
"0","0","physical"
"0","0","appearance"
"0","0","sumerian"
"1","0","initial"
"0","0","ccs"
"0","0","unpublished"
"0","0","manuscripts"
"0","0","prince"
"0","0","repetitions"
"0","0","norwegian"
"0","0","quichua"
"1","0","ranlp"
"0","0","vocabulary"
"2","1","distribution"
"1","1","year"
"0","0","maps"
"0","0","iaupe"
"2","0","concordance"
"1","0","remarks"
"1","0","typewriter"
"2","0","typological"
"0","0","political"
"0","0","correctness"
"0","0","genre"
"0","0","intuition"
"0","0","metaling"
"0","0","polarization"
"0","0","reviews"
"0","0","greenberg"
"0","0","sigh"
"0","0","haceks"
"1","0","walloon"
"2","0","uniformitarianism"
"0","0","roscoe"
"4","0","kinship"
"0","0","cree"
"1","0","guinea"
"0","0","karcevskij"
"1","0","gemination"
"0","0","latvia"
"6","0","references"
"2","0","progressive"
"0","0","varia"
"0","0","animals"
"1","0","syldavian"
"1","0","tutorial"
"0","0","mohawk"
"1","0","mel"
"1","0","cuk"
"0","0","nostratic"
"1","0","letting"
"1","0","analytic"
"3","0","synthetic"
"0","0","poetry"
"0","0","bannock"
"0","0","games"
"0","0","democratic"
"2","0","youthese"
"3","0","pig"
"1","0","vowels"
"0","0","pie"
"1","1","real"
"0","0","virus"
"1","1","saver"
"0","0","amharic"
"0","0","bengali"
"0","0","big"
"0","0","al"
"1","1","coupons"
"1","1","discounts"
"1","0","elvis"
"2","2","ems"
"1","1","simply"
"0","0","epia"
"1","1","phonesex"
"0","0","college"
"0","0","freshman"
"0","0","sophomore"
"0","0","level"
"2","2","never"
"1","1","forget"
"0","0","publication"
"0","0","original"
"0","0","karamojong"
"0","0","jie"
"0","0","portugal"
"0","0","identifying"
"0","0","ungrammatical"
"0","0","racist"
"0","0","plot"
"2","0","sapir"
"2","0","whorf"
"1","1","tell"
"0","0","struck"
"0","0","nomo"
"0","0","man"
"0","0","ter"
"0","0","meulen"
"12","0","toc"
"3","2","urgent"
"2","2","buy"
"1","1","recommendation"
"2","1","id"
"1","1","replacement"
"1","1","anywhere"
"1","1","theworld"
"0","0","rea"
"1","1","really"
"1","1","cool"
"1","1","videos"
"0","0","recommendations"
"0","0","set"
"0","0","reduplication"
"0","0","foreigner"
"0","0","talk"
"0","0","reduplicative"
"0","0","polarity"
"0","0","description"
"0","0","romanian"
"1","0","referencing"
"1","0","numbers"
"0","0","wordperfect"
"0","0","wp"
"1","1","refinancing"
"1","1","has"
"3","3","been"
"1","1","easy"
"1","1","regarding"
"1","0","relative"
"0","0","pronouns"
"0","0","pet"
"1","0","cont"
"0","0","agfl"
"2","0","relevance"
"0","0","provisional"
"0","0","iwcs"
"0","0","cvir"
"0","0","req"
"0","0","various"
"0","0","genres"
"0","0","soundex"
"0","0","fellows"
"0","0","cityu"
"0","0","hk"
"0","0","berlin"
"0","0","posts"
"1","0","media"
"1","0","studentship"
"0","0","performance"
"0","0","activities"
"0","0","professional"
"0","0","labels"
"1","1","resource"
"0","0","logics"
"0","0","afrikaans"
"0","0","response"
"3","3","asked"
"0","0","cook"
"0","0","scobbie"
"0","0","autosegmental"
"0","0","representation"
"0","0","watt"
"1","1","pgm"
"1","1","consumer"
"1","1","them"
"0","0","arboreal"
"0","0","windows"
"0","0","ostertag"
"0","0","perez"
"0","0","leroux"
"0","0","glass"
"1","0","risk"
"0","0","rmmla"
"0","0","romanizations"
"0","0","psychological"
"0","0","reality"
"0","0","lecturer"
"0","0","cornell"
"0","0","hattori"
"0","0","dies"
"0","0","salford"
"0","0","seminars"
"0","0","salk"
"0","0","insitute"
"0","0","salt"
"0","0","sampson"
"0","0","educating"
"0","0","eve"
"1","1","hundreds"
"1","1","restaurants"
"1","1","groceries"
"1","1","airlines"
"1","1","sci"
"1","1","fi"
"1","1","convention"
"1","1","scitech"
"1","1","scientific"
"0","0","consultant"
"1","1","credibility"
"0","0","searching"
"1","1","seasons"
"1","1","greetings"
"1","1","santa"
"0","0","ecdl"
"0","0","tsm"
"0","0","mitchell"
"0","0","myles"
"1","1","noveau"
"1","1","rich"
"1","1","travel"
"2","1","agents"
"2","2","seduce"
"2","2","instantly"
"1","1","doesn"
"1","1","interest"
"0","0","langacker"
"0","0","editor"
"0","0","sem"
"0","0","tocharian"
"0","0","saami"
"0","0","dominio"
"0","0","honcoop"
"0","0","dynamic"
"0","0","excursions"
"0","0","weak"
"0","0","islands"
"0","0","kiyoshi"
"0","0","ishikawa"
"1","0","semcom"
"0","0","webnet"
"0","0","conservation"
"0","0","circle"
"0","0","california"
"0","0","bias"
"0","0","epicenes"
"0","0","sexism"
"0","0","shanghaihua"
"0","0","shareware"
"0","0","shenandoah"
"0","0","silliness"
"0","0","silverman"
"0","0","simultaneous"
"0","0","postpositions"
"0","0","pashto"
"1","0","singapore"
"0","0","sinn"
"0","0","und"
"0","0","bedeutung"
"0","0","sintassi"
"0","0","comparata"
"0","0","dell"
"0","0","accordo"
"0","0","participiale"
"0","0","ramanzo"
"0","0","sixth"
"0","0","jk"
"0","0","sky"
"0","0","yearbook"
"0","0","finland"
"1","1","skytop"
"1","1","camera"
"0","0","paris"
"0","0","andrews"
"0","0","slow"
"2","2","promotion"
"0","0","ceases"
"0","0","cancels"
"0","0","harvey"
"0","0","sacks"
"0","0","socioling"
"0","0","vd"
"0","0","haagen"
"0","0","caught"
"0","0","norms"
"0","0","sociolinguistic"
"0","0","readers"
"0","0","developer"
"0","0","experimental"
"0","0","system"
"0","0","propositional"
"1","1","think"
"1","1","sorry"
"1","1","delay"
"1","1","fqtfsqvb"
"0","0","patterns"
"1","0","spontaneous"
"0","0","southeast"
"0","0","evaluator"
"1","0","speaking"
"0","0","silence"
"0","0","laine"
"0","0","berman"
"1","0","finite"
"0","0","jetai"
"0","0","eu"
"0","0","stream"
"0","0","specialization"
"0","0","specific"
"0","0","impairment"
"0","0","acts"
"1","0","dialogue"
"0","0","moves"
"0","0","nasalisation"
"1","0","sposs"
"1","1","stocks"
"1","1","paying"
"1","1","those"
"1","1","airline"
"1","1","fares"
"1","1","strengthen"
"1","1","marriage"
"1","1","relationship"
"1","1","strike"
"0","0","outs"
"1","1","when"
"1","1","iron"
"0","0","americas"
"0","0","organisation"
"0","0","europe"
"0","0","inst"
"0","0","studia"
"0","0","hungarian"
"0","0","stylistics"
"0","0","tranformational"
"1","1","subliminally"
"2","2","success"
"0","0","because"
"0","0","versus"
"0","0","ince"
"0","0","beaver"
"0","0","revisited"
"0","0","formerly"
"0","0","productive"
"0","0","process"
"0","0","banned"
"2","0","transcription"
"0","0","dets"
"0","0","ns"
"0","0","ee"
"0","0","sample"
"0","0","function"
"0","0","glosses"
"0","0","had"
"0","0","imperatives"
"3","1","sites"
"0","0","moo"
"0","0","until"
"0","0","portugese"
"0","0","quantification"
"0","0","recursos"
"0","0","para"
"0","0","el"
"0","0","espanol"
"0","0","ref"
"1","0","models"
"1","1","age"
"0","0","representing"
"0","0","retroflex"
"0","0","size"
"0","0","adjs"
"0","0","quantifiers"
"0","0","tongues"
"0","0","tenses"
"0","0","uptalk"
"1","0","urdu"
"0","0","pronominal"
"0","0","feature"
"0","0","differences"
"0","0","length"
"0","0","orthographies"
"2","0","animal"
"0","0","processors"
"0","0","pt"
"0","0","x"
"0","0","rays"
"0","0","acoustic"
"0","0","signals"
"0","0","master"
"1","1","sumiko"
"1","0","summ"
"0","0","concepts"
"0","0","unknown"
"0","0","bible"
"0","0","translations"
"0","0","adpositional"
"0","0","uses"
"0","0","eye"
"0","0","algonquian"
"0","0","homeland"
"0","0","borrowing"
"0","0","borrowings"
"0","0","replacements"
"0","0","ear"
"0","0","buccalization"
"0","0","doctoral"
"0","0","hebrew"
"0","0","creole"
"0","0","apres"
"0","0","ts"
"0","0","tsch"
"0","0","sibilant"
"0","0","shibilant"
"0","0","half"
"0","0","heavy"
"0","0","onsets"
"0","0","hindi"
"0","0","negated"
"0","0","exclamations"
"0","0","ambiguous"
"0","0","sequences"
"0","0","latins"
"0","0","polish"
"0","0","sri"
"0","0","lanka"
"0","0","taps"
"0","0","flaps"
"0","0","philosophical"
"0","0","textual"
"0","0","criticism"
"0","0","deletion"
"0","0","consonants"
"0","0","symbolism"
"1","0","whatever"
"1","0","happened"
"0","0","acknowledgments"
"0","0","justice"
"0","0","judges"
"0","0","juries"
"0","0","bubbler"
"0","0","refs"
"0","0","quaker"
"1","0","responses"
"2","0","tok"
"1","0","masta"
"0","0","ft"
"0","0","syllabi"
"2","0","third"
"1","0","biannual"
"0","0","internship"
"0","0","opportunities"
"0","0","persons"
"0","0","aphasia"
"0","0","study"
"0","0","swadesh"
"0","0","sycophants"
"0","0","gesture"
"0","0","timing"
"0","0","undergraduate"
"0","0","religion"
"0","0","rime"
"0","0","tables"
"0","0","spain"
"0","0","gradable"
"0","0","quer"
"2","0","mood"
"1","0","selection"
"0","0","julius"
"0","0","tue"
"2","0","table"
"1","0","contents"
"0","0","ronde"
"0","0","sur"
"0","0","langue"
"0","0","litterature"
"1","0","yiddish"
"2","0","tag"
"0","0","accommodations"
"0","0","tagged"
"1","1","take"
"2","2","trip"
"1","1","tami"
"1","1","was"
"1","1","yu"
"0","0","china"
"1","1","preview"
"1","1","teeth"
"1","1","bleaching"
"1","1","whitening"
"1","0","tei"
"0","0","telri"
"0","0","temp"
"1","0","tenure"
"0","0","venezuela"
"0","0","thai"
"2","2","thank"
"1","1","joining"
"1","1","continued"
"1","1","support"
"0","0","hole"
"0","0","pre"
"0","0","chomskyan"
"2","0","embodied"
"2","0","conversational"
"0","0","hacek"
"1","1","got"
"1","1","challenge"
"0","0","collected"
"0","0","bronislaw"
"0","0","pilsudski"
"1","1","hottest"
"2","0","wholes"
"1","1","inside"
"1","1","scoop"
"1","1","toolbox"
"0","0","lanuage"
"0","0","wayana"
"0","0","nations"
"0","0","lexicogrammar"
"0","0","lexis"
"0","0","merry"
"0","0","tongue"
"1","1","side"
"0","0","galicismos"
"1","1","valuable"
"1","1","experience"
"0","0","conventions"
"1","1","thief"
"1","1","proofing"
"1","1","car"
"0","0","thinking"
"0","0","diagrams"
"0","0","icsc"
"0","0","symposia"
"1","1","scary"
"1","1","gold"
"1","1","mine"
"0","0","threatened"
"0","0","sudan"
"0","0","map"
"0","0","procedings"
"0","0","adapted"
"0","0","ijglsa"
"0","0","jall"
"0","0","helen"
"0","0","dry"
"0","0","addition"
"0","0","pisin"
"0","0","tolkien"
"0","0","elvish"
"0","0","tolkienian"
"1","1","tommy"
"1","1","lee"
"1","1","heather"
"1","1","locklear"
"1","1","before"
"1","1","pamela"
"1","1","anderson"
"0","0","bibliographies"
"1","1","total"
"0","0","towards"
"0","0","culturally"
"0","0","situated"
"0","0","continuous"
"1","0","tree"
"0","0","adjoining"
"0","0","macros"
"0","0","tromsoe"
"0","0","vo"
"0","0","ov"
"1","1","troubling"
"1","1","let"
"1","1","brighten"
"0","0","turn"
"0","0","measurement"
"0","0","twlt"
"0","0","twente"
"0","0","summaries"
"0","0","typos"
"0","0","fromkin"
"0","0","rodman"
"0","0","textbook"
"0","0","ua"
"0","0","appeal"
"0","0","arief"
"0","0","budiman"
"1","1","uce"
"1","1","successful"
"0","0","dept"
"0","0","bulletin"
"0","0","tesl"
"1","0","gopher"
"2","0","understanding"
"1","0","universal"
"0","0","anthropology"
"0","0","universals"
"1","1","degree"
"0","0","alabama"
"0","0","durham"
"0","0","chair"
"0","0","carolina"
"1","0","allgemeine"
"1","0","sprachwissenschaft"
"0","0","updates"
"0","0","webpage"
"0","0","slrf"
"0","0","lehrstuhl"
"0","0","fuer"
"0","0","vacancy"
"0","0","iulc"
"0","0","usage"
"0","0","usc"
"0","0","ea"
"0","0","acquiring"
"1","1","carefully"
"1","1","viagra"
"1","1","hollander"
"0","0","vilem"
"0","0","mathesius"
"0","0","lecture"
"0","0","prague"
"0","0","vmc"
"0","0","wsh"
"0","0","voyeur"
"0","0","tons"
"1","1","product"
"1","1","assemblers"
"1","1","warning"
"1","1","wasteland"
"1","1","darker"
"1","1","desire"
"2","0","wccfl"
"0","0","predication"
"0","0","xiv"
"1","1","brighter"
"1","1","faster"
"1","1","than"
"1","1","ever"
"1","1","created"
"1","1","tried"
"1","1","calling"
"1","1","spider"
"1","1","webentrepreneurs"
"1","1","webmining"
"0","0","western"
"1","1","welcome"
"1","1","jokes"
"1","1","magazine"
"1","1","cn"
"1","1","lifeplan"
"0","0","speaks"
"0","0","linguistically"
"1","1","cruise"
"1","1","antigua"
"1","1","porsche"
"1","1","empower"
"1","1","users"
"0","0","wkshp"
"0","0","wml"
"0","0","wolfram"
"0","0","schilling"
"0","0","estes"
"0","0","northern"
"0","0","op"
"0","0","mass"
"0","0","workbook"
"0","0","annoncement"
"0","0","clitics"
"0","0","databases"
"0","0","space"
"0","0","dec"
"0","0","semi"
"0","0","heads"
"0","0","visual"
"0","0","representations"
"0","0","interpretations"
"1","0","conferences"
"0","0","ma"
"1","1","would"
"1","1","wow"
"0","0","wrong"
"0","0","lctl"
"0","0","path"
"0","0","unc"
"0","0","servers"
"1","1","xenical"
"1","1","fat"
"1","1","blocking"
"1","1","drug"
"1","1","approved"
"1","1","fda"
"0","0","xi"
"0","0","selim"
"0","0","xth"
"0","0","nordic"
"1","1","entertainment"
"0","0","yale"
"1","1","deserve"
"1","1","break"
"1","1","gotta"
"2","2","join"
"1","1","bancuri"
"1","1","kiddin"
"1","1","bet"
"1","1","source"
"1","1","invited"
"0","0","youth"
"0","0","gang"
"0","0","lipolalia"
"1","0","yuen"
"1","0","ren"
"0","0","chao"
"1","0","zellig"
"1","0","harris"
"1","1","zero"
"1","1","down"
